line_id,shift,inspections,avg_temperature,avg_vibration,defect_rate
Line Alpha,1,108600,58.94795837937385,4.034577808471455,4.27255985267035
Line Alpha,2,113600,58.721033450704226,3.970037676056338,3.697183098591549
Line Alpha,3,113840,58.38951862262825,4.052111208713985,3.900210822206606
Line Beta,1,115960,59.05849603311487,4.0118743532252505,3.6909279061745432
Line Beta,2,108560,58.74635187914517,4.052095246868092,4.016212232866617
Line Beta,3,109920,58.890518195050944,4.016698326055312,4.002911208151383
Line Gamma,1,109960,58.817359403419424,3.9889669879956346,6.038559476173154
Line Gamma,2,110560,58.51627749638205,4.030022069464544,5.463096960926194
Line Gamma,3,109000,58.022836697247705,4.046677155963303,6.3119266055045875
